{
    "3237C3E": {
        "IP": "192.168.5.247",
        "config": {
            "CFO": 0.0,
            "calib-rx-gain": 0.0,
            "calib-tx-gain": 0.0,
            "fullscale": 1.0,
            "noise": {
                "0.0": 1.2188453801798005e-08,
                "1.0": 1.212869626954216e-08,
                "10.0": 1.8276915980663944e-08,
                "11.0": 2.146257926938233e-08,
                "12.0": 2.541748855833248e-08,
                "13.0": 3.0482976143275664e-08,
                "14.0": 2.0291370361746885e-08,
                "15.0": 2.2811470046235627e-08,
                "16.0": 2.7466088070582373e-08,
                "17.0": 3.2928110016428036e-08,
                "18.0": 3.9896708159403715e-08,
                "19.0": 4.9105580046671093e-08,
                "2.0": 1.2157464368556248e-08,
                "20.0": 2.3462423115461206e-08,
                "21.0": 2.80238392491583e-08,
                "22.0": 3.372335299900442e-08,
                "23.0": 4.1103685788357325e-08,
                "24.0": 5.054171481333469e-08,
                "25.0": 4.1946595530362174e-08,
                "26.0": 4.8271733277260864e-08,
                "27.0": 5.964319882423297e-08,
                "28.0": 5.6957681238145597e-08,
                "29.0": 7.068231866469432e-08,
                "3.0": 1.2137054028471539e-08,
                "30.0": 3.5373876272615234e-08,
                "31.0": 4.070142978207514e-08,
                "32.0": 4.990816293570788e-08,
                "33.0": 6.135343966207074e-08,
                "34.0": 7.62293623779442e-08,
                "35.0": 9.432082492821792e-08,
                "36.0": 9.875815010218503e-08,
                "37.0": 1.560259832444899e-08,
                "38.0": 1.8956242797685263e-08,
                "39.0": 2.076264493666713e-08,
                "4.0": 1.2192311160674763e-08,
                "40.0": 1.604838750779436e-08,
                "41.0": 1.878588307135942e-08,
                "42.0": 2.102627405520252e-08,
                "43.0": 2.5107809165092476e-08,
                "44.0": 2.9913653776247884e-08,
                "45.0": 3.6319043772437e-08,
                "46.0": 4.4386549546970855e-08,
                "47.0": 3.8094494669849155e-08,
                "48.0": 4.416662235939839e-08,
                "49.0": 5.4492673484674015e-08,
                "5.0": 1.4131748216072992e-08,
                "50.0": 6.692580001299575e-08,
                "51.0": 8.295724995832643e-08,
                "52.0": 1.0336366784713391e-07,
                "53.0": 1.1022941492910832e-07,
                "54.0": 1.2866996712546097e-07,
                "55.0": 1.3633034257054533e-07,
                "56.0": 1.7092574466914812e-07,
                "57.0": 2.137019663450701e-07,
                "58.0": 2.689443192593899e-07,
                "59.0": 3.3971784318964637e-07,
                "6.0": 1.5537986897129485e-08,
                "7.0": 1.814473904460101e-08,
                "8.0": 1.4263845216078153e-08,
                "9.0": 1.5628350169549776e-08
            }
        },
        "hostname": "nuc",
        "id": 0,
        "type": "cent"
    },
    "32B1708": {
        "IP": "192.168.5.241",
        "config": {
            "CFO": 0.0025815744884312153,
            "fullscale": 0.999129056930542,
            "calib-rx-gain": 44.0,
            "calib-tx-gain": 76.0,
            "noise": {
                "0.0": 1.1701374091899197e-08,
                "1.0": 1.1706660529853252e-08,
                "10.0": 1.77715797633482e-08,
                "11.0": 2.0883021534245927e-08,
                "12.0": 2.4906535500690552e-08,
                "13.0": 2.9864867912010595e-08,
                "14.0": 2.014672872974188e-08,
                "15.0": 2.2670691990356318e-08,
                "16.0": 2.721878544775791e-08,
                "17.0": 3.277825300074255e-08,
                "18.0": 3.99789783500637e-08,
                "19.0": 4.89417146809501e-08,
                "2.0": 1.1741678740406769e-08,
                "20.0": 2.3181328856480832e-08,
                "21.0": 2.7878936492697903e-08,
                "22.0": 3.33993313006431e-08,
                "23.0": 4.084885674160432e-08,
                "24.0": 5.0131969686617595e-08,
                "25.0": 4.2230013264088484e-08,
                "26.0": 4.8949786446428334e-08,
                "27.0": 6.087621784445219e-08,
                "28.0": 5.80027226249058e-08,
                "29.0": 7.231512455518896e-08,
                "3.0": 1.1736871918799352e-08,
                "30.0": 3.573004292434234e-08,
                "31.0": 4.110271589752301e-08,
                "32.0": 5.0740418089390005e-08,
                "33.0": 6.221158344033029e-08,
                "34.0": 7.732651141623137e-08,
                "35.0": 9.592657335133481e-08,
                "36.0": 1.0192475485837349e-07,
                "37.0": 1.5393274210850905e-08,
                "38.0": 1.8299813220323813e-08,
                "39.0": 2.056976811104505e-08,
                "4.0": 1.1719421877387504e-08,
                "40.0": 1.5636150152431583e-08,
                "41.0": 1.882839484323995e-08,
                "42.0": 2.1282941631284302e-08,
                "43.0": 2.5407578263525465e-08,
                "44.0": 3.038020324197532e-08,
                "45.0": 3.719956254144563e-08,
                "46.0": 4.529697861244131e-08,
                "47.0": 4.020357380341011e-08,
                "48.0": 4.6511814844052424e-08,
                "49.0": 5.773077660364834e-08,
                "5.0": 1.3649115615521623e-08,
                "50.0": 7.080033981310407e-08,
                "51.0": 8.829884734495863e-08,
                "52.0": 1.099540583027192e-07,
                "53.0": 1.2049865460994624e-07,
                "54.0": 1.397257847202127e-07,
                "55.0": 1.514350316256241e-07,
                "56.0": 1.9090704483915033e-07,
                "57.0": 2.3779762159392703e-07,
                "58.0": 3.6964024729968514e-07,
                "59.0": 3.755640420877171e-07,
                "6.0": 1.5100940942147645e-08,
                "7.0": 1.7700632071182554e-08,
                "8.0": 1.3688866040695302e-08,
                "9.0": 1.5177541001776262e-08
            }
        },
        "hostname": "rpi4m1",
        "id": 2,
        "type": "leaf"
    },
    "32C7981": {
        "IP": "192.168.5.242",
        "config": {
            "CFO": 0.0,
            "calib-rx-gain": 0.0,
            "calib-tx-gain": 0.0,
            "fullscale": 1.0,
            "noise": {
                "0.0": 1.2801293358677412e-08,
                "1.0": 1.2793977433034343e-08,
                "10.0": 1.94320435298323e-08,
                "11.0": 2.28427037285428e-08,
                "12.0": 2.7027969196069535e-08,
                "13.0": 3.258215741652748e-08,
                "14.0": 2.1797168514581244e-08,
                "15.0": 2.4611084725734145e-08,
                "16.0": 2.958306133393762e-08,
                "17.0": 3.551079075236885e-08,
                "18.0": 4.329723068963176e-08,
                "19.0": 5.33509876277094e-08,
                "2.0": 1.280274997128572e-08,
                "20.0": 2.538316401512475e-08,
                "21.0": 3.0410262752411654e-08,
                "22.0": 3.672862192161119e-08,
                "23.0": 4.4745256388978305e-08,
                "24.0": 5.5007767230108584e-08,
                "25.0": 4.6217110138968565e-08,
                "26.0": 5.339281017313624e-08,
                "27.0": 6.631643856280789e-08,
                "28.0": 6.423213250172921e-08,
                "29.0": 7.950713865056969e-08,
                "3.0": 1.2787404024550142e-08,
                "30.0": 4.001211806325955e-08,
                "31.0": 4.605833581194929e-08,
                "32.0": 5.707272876520619e-08,
                "33.0": 7.000537038948096e-08,
                "34.0": 8.697019637793346e-08,
                "35.0": 1.0842309450254106e-07,