{
    "3237C3E": {
        "IP": "192.168.5.247",
        "config": {
            "CFO": 0.0,
            "calib-tx-gain": 0.0,
            "noise": {
                "0.0": 1.2188453801798005e-08,
                "1.0": 1.212869626954216e-08,
                "10.0": 1.8276915980663944e-08,
                "11.0": 2.146257926938233e-08,
                "12.0": 2.541748855833248e-08,
                "13.0": 3.0482976143275664e-08,
                "14.0": 2.0291370361746885e-08,
                "15.0": 2.2811470046235627e-08,
                "16.0": 2.7466088070582373e-08,
                "17.0": 3.2928110016428036e-08,
                "18.0": 3.9896708159403715e-08,
                "19.0": 4.9105580046671093e-08,
                "2.0": 1.2157464368556248e-08,
                "20.0": 2.3462423115461206e-08,
                "21.0": 2.80238392491583e-08,
                "22.0": 3.372335299900442e-08,
                "23.0": 4.1103685788357325e-08,
                "24.0": 5.054171481333469e-08,
                "25.0": 4.1946595530362174e-08,
                "26.0": 4.8271733277260864e-08,
                "27.0": 5.964319882423297e-08,
                "28.0": 5.6957681238145597e-08,
                "29.0": 7.068231866469432e-08,
                "3.0": 1.2137054028471539e-08,
                "30.0": 3.5373876272615234e-08,
                "31.0": 4.070142978207514e-08,
                "32.0": 4.990816293570788e-08,
                "33.0": 6.135343966207074e-08,
                "34.0": 7.62293623779442e-08,
                "35.0": 9.432082492821792e-08,
                "36.0": 9.875815010218503e-08,
                "37.0": 1.560259832444899e-08,
                "38.0": 1.8956242797685263e-08,
                "39.0": 2.076264493666713e-08,
                "4.0": 1.2192311160674763e-08,
                "40.0": 1.604838750779436e-08,
                "41.0": 1.878588307135942e-08,
                "42.0": 2.102627405520252e-08,
                "43.0": 2.5107809165092476e-08,
                "44.0": 2.9913653776247884e-08,
                "45.0": 3.6319043772437e-08,
                "46.0": 4.4386549546970855e-08,
                "47.0": 3.8094494669849155e-08,
                "48.0": 4.416662235939839e-08,
                "49.0": 5.4492673484674015e-08,
                "5.0": 1.4131748216072992e-08,
                "50.0": 6.692580001299575e-08,
                "51.0": 8.295724995832643e-08,
                "52.0": 1.0336366784713391e-07,
                "53.0": 1.1022941492910832e-07,
                "54.0": 1.2866996712546097e-07,
                "55.0": 1.3633034257054533e-07,
                "56.0": 1.7092574466914812e-07,
                "57.0": 2.137019663450701e-07,
                "58.0": 2.689443192593899e-07,
                "59.0": 3.3971784318964637e-07,
                "6.0": 1.5537986897129485e-08,
                "7.0": 1.814473904460101e-08,
                "8.0": 1.4263845216078153e-08,
                "9.0": 1.5628350169549776e-08
            }
        },
        "hostname": "nuc",
        "id": 0,
        "type": "cent"
    },
    "32B1708": {
        "IP": "192.168.5.241",
        "config": {
            "CFO": 0.0,
            "calib-tx-gain": 0.0,
            "noise": {}
        },
        "hostname": "rpi4m1",
        "id": 2,
        "type": "leaf"
    },
    "32C7981": {
        "IP": "192.168.5.242",
        "config": {
            "CFO": 0.0,
            "calib-tx-gain": 0.0,
            "noise": {}
        },
        "hostname": "rpi4m2",
        "id": 3,
        "type": "leaf"
    },
    "32C79BE": {
        "IP": "192.168.5.248",
        "config": {
            "CFO": 0.0,
            "calib-tx-gain": 0.0,
            "noise": {
                "0.0": 1.3930728570699102e-08,
                "1.0": 1.3906252149809006e-08,
                "10.0": 2.1710953035380953e-08,
                "11.0": 2.5482272292265407e-08,
                "12.0": 3.068907261649656e-08,
                "13.0": 3.736613862770355e-08,
                "14.0": 2.8521403905301668e-08,
                "15.0": 3.2345788270049525e-08,
                "16.0": 3.97672685892303e-08,
                "17.0": 4.826685895409355e-08,
                "18.0": 6.00565073227699e-08,
                "19.0": 7.3947461487478e-08,
                "2.0": 1.388959347536911e-08,
                "20.0": 3.264858605689369e-08,
                "21.0": 3.996597186528561e-08,
                "22.0": 4.8526239027069096e-08,
                "23.0": 6.052085410601649e-08,
                "24.0": 7.475767205278316e-08,
                "25.0": 7.274931590472988e-08,
                "26.0": 8.40776266386456e-08,
                "27.0": 1.055600691302061e-07,
                "28.0": 1.0942424211179969e-07,
                "29.0": 1.3807893139983207e-07,
                "3.0": 1.3918984187455408e-08,
                "30.0": 6.25096987505458e-08,
                "31.0": 7.213669306338488e-08,
                "32.0": 9.021943725429082e-08,
                "33.0": 1.116646473064975e-07,
                "34.0": 1.4042993257135095e-07,
                "35.0": 1.7596070733816305e-07,
                "36.0": 2.0300070957546268e-07,
                "37.0": 2.3411452332311455e-08,
                "38.0": 2.780345376152127e-08,
                "39.0": 3.179158269972504e-08,
                "4.0": 1.3927587971807043e-08,
                "40.0": 2.322943792876231e-08,
                "41.0": 2.8498815751731854e-08,
                "42.0": 3.2510406811070425e-08,
                "43.0": 3.9721314237795013e-08,
                "44.0": 4.8247947859181295e-08,
                "45.0": 5.998953866992451e-08,
                "46.0": 7.462852380513141e-08,
                "47.0": 7.686806924311895e-08,
                "48.0": 8.978936705261731e-08,
                "49.0": 1.1196733140650394e-07,
                "5.0": 1.630709967059829e-08,
                "50.0": 1.3980996982354554e-07,
                "51.0": 1.750229614572163e-07,
                "52.0": 2.1907742109306128e-07,
                "53.0": 2.583120704002795e-07,
                "54.0": 3.039123726011894e-07,
                "55.0": 3.017468941379775e-07,
                "56.0": 3.829722743375896e-07,
                "57.0": 4.788375349562557e-07,
                "58.0": 6.065617412787105e-07,
                "59.0": 7.66215805469983e-07,
                "6.0": 1.8244811883505463e-08,
                "7.0": 2.1509581671352862e-08,
                "8.0": 1.6360758081646054e-08,
                "9.0": 1.8289849634811617e-08
            }
        },
        "hostname": "nuc01",
        "id": 1,
        "type": "leaf"
    },
    "unused": {
        "32B1708": {
            "IP": "192.168.5.243",
            "config": {
                "CFO": 0.0,
                "calib-tx-gain": 0.0,
                "noise": {}
            },
            "hostname": "rpi4m3",
            "id": 53,
            "type": "leaf"
        },
        "32C7920": {
            "IP": "192.168.5.245",
            "config": {
                "CFO": 0.0,
                "calib-tx-gain": 0.0,
                "noise": {}
            },
            "hostname": "rpi4m5",
            "id": 197,
            "type": "leaf"
        },
        "32C79BE": {
            "IP": "192.168.5.246",
            "config": {
                "CFO": 0.0,
                "calib-tx-gain": 0.0,
                "noise": {}
            },
            "hostname": "rpi4compute",
            "id": 211,
            "type": "leaf"
        },
        "337D42D": {
            "IP": "192.168.5.244",
            "config": {
                "CFO": 0.0,
                "calib-tx-gain": 0.0,
                "noise": {}
            },
            "hostname": "rpi4m4",
            "id": 113,
            "type": "leaf"
        }
    }
}